gen,mavg,max,directory,plot,environment,random_seed,number_generations,type,number_neurons,delta_t,normalize_input,normalize_input_target,optimize_state_boundaries,clipping_range_max,clipping_range_min,optimize_y0,set_principle_diagonal_elements_of_W_negative,w_mask,w_mask_param,v_mask,v_mask_param,t_mask,t_mask_param,parameter_perturbations,population_size,checkpoint_frequency,initial_gene_range,mate_indpb_1,mate_indpb_2,mutation_Gaussian_sigma_1,mutation_Gaussian_sigma_2,mutation_Gaussian_sigma_3,mutation_Gaussian_indpb_1,mutation_Gaussian_indpb_2,mutation_Gaussian_indpb_3,elitist_ratio,tournsize,mu,lambda_,mutpb,include_parents_in_next_generation,keep_env_seed_fixed_during_generation,number_fitness_runs,reuse_env,mate_indpb
50,-19.153380529301884,-13.657502294649545,2020-06-05_18-25-09,,BipedalWalker-v3,0,50,MU_ES,10,0.5,True,10,legacy,1.0,-1.0,True,True,logarithmic,1.5,logarithmic,8,logarithmic,8,0.0,100,0,2,0.3,0.5,1.0,5.0,1.0,0.1,0.05,0.001,0.05,3,0.5,0.95,0.8,True,False,1,True,
50,-6.113574505982955,3.825421046601547,2020-06-06_18-25-15,,BipedalWalker-v3,0,50,MU_ES,5,0.1,True,1,global,1.0,-1.0,True,True,logarithmic,2,logarithmic,1.5,logarithmic,2,0.001,100,0,5,,,1.0,5.0,,0.3,0.001,,0.0,3,0.2,1.0,0.9,True,False,1,True,0.3
50,-101.21513719908428,-99.2816459218443,2020-06-05_18-24-15,,BipedalWalker-v3,0,50,MU_ES,20,0.5,True,5,global,1.0,-1.0,True,False,logarithmic,1.5,logarithmic,1.5,logarithmic,2,0.001,100,0,3,0.1,0.4,1.0,1.0,5.0,0.2,0.02,0.005,0.1,3,0.05,0.9,0.95,True,False,1,True,
50,-97.95664276632536,-93.33620450889977,2020-06-06_12-37-46,,BipedalWalker-v3,0,50,MU_ES,5,0.25,False,5,fixed,1.0,-1.0,True,False,logarithmic,2,logarithmic,8,logarithmic,1.5,0.001,100,0,2,,,1.0,1.0,,0.3,0.01,,0.2,3,0.2,1.0,0.8,True,False,1,True,0.3
50,3.8254309646488087,7.1582377335918315,2020-06-05_13-55-32,,BipedalWalker-v3,0,50,MU_ES,20,0.05,True,1,legacy,1.0,-1.0,True,True,logarithmic,2,logarithmic,1.5,logarithmic,1.5,0.01,100,0,3,0.3,0.4,1.0,5.0,1.0,0.2,0.01,0.001,0.0,5,0.1,0.7,0.9,True,False,1,True,
50,-94.50033974766141,-92.16600178349849,2020-06-05_18-34-02,,BipedalWalker-v3,0,50,MU_ES,10,0.01,True,10,fixed,1.0,-1.0,False,True,logarithmic,1.5,logarithmic,1.5,logarithmic,2,0.0,100,0,1,0.3,0.5,1.0,1.0,1.0,0.2,0.01,0.005,0.0,5,0.05,0.95,0.5,True,False,1,True,
50,-97.78144376697777,-91.45402029190755,2020-06-06_12-14-01,,BipedalWalker-v3,0,50,MU_ES,5,0.25,True,1,global,1.0,-1.0,False,False,logarithmic,2,logarithmic,1.5,logarithmic,1.5,0.1,100,0,5,,,5.0,5.0,,0.1,0.03,,0.0,5,0.5,1.0,0.5,True,False,1,True,0.3
50,-96.77830058934529,-94.40603548034176,2020-06-05_17-30-21,,BipedalWalker-v3,0,50,MU_ES,20,0.05,False,1,fixed,1.0,-1.0,True,True,logarithmic,2,logarithmic,8,logarithmic,1.5,0.0,100,0,2,0.1,0.4,5.0,5.0,5.0,0.1,0.05,0.001,0.0,3,0.5,0.9,0.99,True,False,1,True,
50,-95.93978298766815,-94.76147946535063,2020-06-05_16-24-18,,BipedalWalker-v3,0,50,MU_ES,10,0.01,False,5,legacy,1.0,-1.0,True,True,logarithmic,1.5,logarithmic,2,logarithmic,8,0.0001,100,0,10,0.1,0.4,1.0,5.0,5.0,0.2,0.02,0.005,0.0,3,0.3,0.9,0.9,True,False,1,True,
50,31.61414354316214,42.91350792103567,2020-06-06_16-07-18,,BipedalWalker-v3,0,50,MU_ES,10,0.1,False,10,fixed,1.0,-1.0,True,False,logarithmic,8,logarithmic,2,logarithmic,1.5,0.001,100,0,1,,,5.0,5.0,,0.3,0.003,,0.1,5,0.3,1.0,0.9,True,False,1,True,0.3
50,-88.28435876962702,-85.81523463650738,2020-06-05_19-04-31,,BipedalWalker-v3,0,50,MU_ES,20,0.05,True,5,legacy,1.0,-1.0,True,False,logarithmic,8,logarithmic,8,logarithmic,2,0.001,100,0,10,0.2,0.5,1.0,1.0,1.0,0.2,0.05,0.001,0.1,3,0.05,0.95,0.95,True,False,1,True,
50,91.29064989124046,125.77929716600022,2020-06-05_14-28-27,,BipedalWalker-v3,0,50,MU_ES,20,0.05,True,10,global,1.0,-1.0,True,True,logarithmic,1.5,logarithmic,8,logarithmic,8,0.0,100,0,3,0.2,0.4,5.0,5.0,1.0,0.2,0.05,0.005,0.05,5,0.3,0.95,0.99,True,False,1,True,
50,-85.92874248807277,-26.96642164311382,2020-06-06_16-19-24,,BipedalWalker-v3,0,50,MU_ES,5,0.25,False,1,per_neuron,1.0,-1.0,True,False,logarithmic,1.5,logarithmic,1.5,logarithmic,8,0.0,100,0,0.5,,,5.0,1.0,,0.1,0.03,,0.0,3,0.2,1.0,0.5,True,False,1,True,0.3
50,-102.09983171736864,-97.67592436971331,2020-06-05_13-41-44,,BipedalWalker-v3,0,50,MU_ES,20,0.05,False,5,global,1.0,-1.0,True,True,logarithmic,1.5,logarithmic,8,logarithmic,1.5,0.01,100,0,10,0.1,0.4,5.0,5.0,5.0,0.2,0.05,0.002,0.0,3,0.05,0.95,0.95,True,False,1,True,
50,-98.39584991204194,-96.1512798873282,2020-06-05_18-46-54,,BipedalWalker-v3,0,50,MU_ES,20,0.05,False,20,global,1.0,-1.0,False,False,logarithmic,8,logarithmic,1.5,logarithmic,8,0.001,100,0,3,0.1,0.4,5.0,5.0,5.0,0.1,0.05,0.005,0.0,5,0.1,0.9,0.99,True,False,1,True,
50,32.72082310064047,67.31275170878006,2020-06-05_19-08-52,,BipedalWalker-v3,0,50,MU_ES,5,0.5,False,5,fixed,1.0,-1.0,False,True,logarithmic,1.5,logarithmic,8,logarithmic,8,0.0001,100,0,1,0.2,0.5,5.0,1.0,5.0,0.2,0.01,0.002,0.0,3,0.3,0.7,0.8,True,False,1,True,
50,-40.45440033341001,-0.6590123564389974,2020-06-05_17-20-31,,BipedalWalker-v3,0,50,MU_ES,5,0.05,True,1,legacy,1.0,-1.0,True,False,logarithmic,8,logarithmic,8,logarithmic,8,0.0001,100,0,3,0.3,0.4,1.0,1.0,1.0,0.2,0.02,0.001,0.0,5,0.05,0.5,0.9,True,False,1,True,
50,-90.24332180797293,-82.57207560619773,2020-06-05_18-32-52,,BipedalWalker-v3,0,50,MU_ES,20,1.0,True,1,fixed,1.0,-1.0,False,True,logarithmic,8,logarithmic,2,logarithmic,1.5,0.0001,100,0,20,0.3,0.5,5.0,5.0,1.0,0.1,0.01,0.001,0.05,5,0.05,0.9,0.8,True,False,1,True,
50,-85.99387464679468,-14.807171037740686,2020-06-06_12-10-44,,BipedalWalker-v3,0,50,MU_ES,5,0.25,False,5,legacy,1.0,-1.0,True,False,logarithmic,2,logarithmic,1.5,logarithmic,1.5,0.0,100,0,1,,,1.0,5.0,,0.3,0.003,,0.0,3,0.3,1.0,0.5,True,False,1,True,0.5
50,-60.52409754530781,-13.873039831418353,2020-06-06_16-20-48,,BipedalWalker-v3,0,50,MU_ES,7,1.0,True,5,per_neuron,1.0,-1.0,False,True,logarithmic,8,logarithmic,8,logarithmic,8,0.1,100,0,5,,,5.0,5.0,,0.3,0.01,,0.05,3,0.3,1.0,0.5,True,False,1,True,0.5
50,-98.02062546799387,-97.3062143817788,2020-06-05_15-41-40,,BipedalWalker-v3,0,50,MU_ES,20,0.5,True,10,legacy,1.0,-1.0,True,True,logarithmic,1.5,logarithmic,1.5,logarithmic,2,0.001,100,0,10,0.1,0.4,1.0,1.0,5.0,0.2,0.02,0.005,0.0,5,0.05,0.5,0.9,True,False,1,True,
50,49.88145733419765,99.53010346961341,2020-06-06_19-22-26,,BipedalWalker-v3,0,50,MU_ES,7,0.25,False,1,legacy,1.0,-1.0,False,False,logarithmic,2,logarithmic,2,logarithmic,2,0.01,100,0,5,,,1.0,1.0,,0.1,0.003,,0.0,5,0.5,1.0,0.9,True,False,1,True,0.5
50,-99.27246199256506,-90.27411724069036,2020-06-05_17-31-26,,BipedalWalker-v3,0,50,MU_ES,20,1.0,False,5,global,1.0,-1.0,True,False,logarithmic,1.5,logarithmic,2,logarithmic,8,0.001,100,0,10,0.3,0.5,5.0,5.0,1.0,0.2,0.02,0.002,0.0,3,0.05,0.7,0.9,True,False,1,True,
50,43.63779402149506,70.72081924918015,2020-06-05_17-14-45,,BipedalWalker-v3,0,50,MU_ES,10,0.5,True,1,fixed,1.0,-1.0,False,False,logarithmic,8,logarithmic,8,logarithmic,1.5,0.01,100,0,2,0.1,0.5,1.0,1.0,1.0,0.1,0.05,0.002,0.0,3,0.1,0.7,0.8,True,False,1,True,
50,-98.76351779510215,-98.73900493345033,2020-06-05_18-06-36,,BipedalWalker-v3,0,50,MU_ES,10,0.01,True,20,global,1.0,-1.0,False,True,logarithmic,1.5,logarithmic,8,logarithmic,8,0.001,100,0,10,0.2,0.4,5.0,5.0,5.0,0.2,0.05,0.005,0.0,5,0.3,0.5,0.5,True,False,1,True,
50,-58.88995892342848,-4.91907145709396,2020-06-06_15-46-22,,BipedalWalker-v3,0,50,MU_ES,5,0.5,False,10,fixed,1.0,-1.0,True,True,logarithmic,2,logarithmic,2,logarithmic,8,0.0,100,0,0.5,,,5.0,5.0,,0.3,0.001,,0.0,5,0.2,1.0,0.8,True,False,1,True,0.3
50,-89.6587847364938,-74.25263647920409,2020-06-05_15-21-24,,BipedalWalker-v3,0,50,MU_ES,10,0.05,True,5,legacy,1.0,-1.0,True,False,logarithmic,1.5,logarithmic,2,logarithmic,1.5,0.001,100,0,2,0.3,0.4,1.0,5.0,5.0,0.1,0.02,0.002,0.0,3,0.1,0.9,0.8,True,False,1,True,
50,9.160002300841775,78.59239282184096,2020-06-06_19-34-55,,BipedalWalker-v3,0,50,MU_ES,5,0.5,False,5,fixed,1.0,-1.0,True,False,logarithmic,2,logarithmic,1.5,logarithmic,2,0.1,100,0,5,,,1.0,5.0,,0.3,0.03,,0.1,3,0.3,1.0,0.5,True,False,1,True,0.5
50,-92.34277952265587,-79.73099320680733,2020-06-05_17-46-14,,BipedalWalker-v3,0,50,MU_ES,5,0.01,False,1,fixed,1.0,-1.0,False,False,logarithmic,8,logarithmic,2,logarithmic,2,0.001,100,0,3,0.1,0.5,5.0,5.0,5.0,0.2,0.01,0.005,0.1,3,0.5,0.9,0.95,True,False,1,True,
50,66.16031662082,82.4808807681763,2020-06-06_11-48-56,,BipedalWalker-v3,0,50,MU_ES,5,1.0,True,10,legacy,1.0,-1.0,True,False,logarithmic,8,logarithmic,2,logarithmic,2,0.0,100,0,5,,,5.0,5.0,,0.1,0.003,,0.0,5,0.2,1.0,0.9,True,False,1,True,0.3
50,-101.03602535230834,-100.95327867334179,2020-06-05_19-25-54,,BipedalWalker-v3,0,50,MU_ES,5,0.5,True,1,legacy,1.0,-1.0,True,False,logarithmic,2,logarithmic,8,logarithmic,8,0.0,100,0,20,0.2,0.4,1.0,1.0,1.0,0.1,0.01,0.005,0.0,5,0.1,0.7,0.5,True,False,1,True,
50,-99.51783369274588,-99.19107573851635,2020-06-05_16-32-34,,BipedalWalker-v3,0,50,MU_ES,20,1.0,True,10,legacy,1.0,-1.0,True,False,logarithmic,8,logarithmic,2,logarithmic,2,0.01,100,0,20,0.1,0.4,1.0,5.0,5.0,0.1,0.01,0.002,0.0,5,0.05,0.9,0.95,True,False,1,True,
50,-88.95777663862505,3.7241970941850004,2020-06-06_16-28-31,,BipedalWalker-v3,0,50,MU_ES,7,1.0,True,10,per_neuron,1.0,-1.0,False,True,logarithmic,8,logarithmic,1.5,logarithmic,1.5,0.0,100,0,2,,,1.0,1.0,,0.1,0.03,,0.1,3,0.5,1.0,0.8,True,False,1,True,0.3
50,-61.629850903785545,-50.17187180818468,2020-06-06_12-24-25,,BipedalWalker-v3,0,50,MU_ES,5,0.1,True,1,fixed,1.0,-1.0,False,False,logarithmic,2,logarithmic,8,logarithmic,2,0.1,100,0,5,,,1.0,5.0,,0.1,0.001,,0.0,5,0.5,1.0,0.9,True,False,1,True,0.3
50,77.05299702404486,104.0945289639009,2020-06-06_16-35-03,,BipedalWalker-v3,0,50,MU_ES,10,0.5,False,10,global,1.0,-1.0,False,True,logarithmic,1.5,logarithmic,1.5,logarithmic,1.5,0.1,100,0,0.5,,,5.0,1.0,,0.3,0.003,,0.1,5,0.5,1.0,0.9,True,False,1,True,0.5
50,-99.76762919023638,-99.53769292332515,2020-06-05_13-13-15,,BipedalWalker-v3,0,50,MU_ES,20,0.05,False,10,global,1.0,-1.0,True,True,logarithmic,2,logarithmic,2,logarithmic,2,0.0001,100,0,10,0.2,0.5,5.0,5.0,5.0,0.2,0.05,0.005,0.0,5,0.1,0.7,0.99,True,False,1,True,
50,-37.36018320220623,-14.285586501929345,2020-06-05_16-29-40,,BipedalWalker-v3,0,50,MU_ES,20,0.5,False,5,global,1.0,-1.0,False,False,logarithmic,1.5,logarithmic,2,logarithmic,8,0.01,100,0,0.5,0.3,0.5,5.0,5.0,5.0,0.2,0.02,0.002,0.1,5,0.05,0.7,0.8,True,False,1,True,
50,-99.01730753647229,-95.36448302514674,2020-06-05_15-31-33,,BipedalWalker-v3,0,50,MU_ES,5,0.01,True,1,fixed,1.0,-1.0,False,True,logarithmic,1.5,logarithmic,2,logarithmic,2,0.01,100,0,3,0.2,0.5,1.0,1.0,1.0,0.2,0.02,0.002,0.05,3,0.1,0.7,0.95,True,False,1,True,
50,-99.58443494739917,-95.01909351756353,2020-06-05_15-52-53,,BipedalWalker-v3,0,50,MU_ES,20,1.0,False,5,global,1.0,-1.0,True,True,logarithmic,1.5,logarithmic,2,logarithmic,8,0.001,100,0,3,0.2,0.5,5.0,5.0,1.0,0.2,0.05,0.005,0.0,5,0.1,0.5,0.95,True,False,1,True,
50,-87.27415747545989,-2.820949965442661,2020-06-06_18-22-57,,BipedalWalker-v3,0,50,MU_ES,7,0.1,False,1,legacy,1.0,-1.0,False,False,logarithmic,8,logarithmic,2,logarithmic,8,0.01,100,0,1,,,1.0,1.0,,0.3,0.003,,0.0,3,0.5,1.0,0.5,True,False,1,True,0.3
50,11.772861562537528,13.773011162752315,2020-06-05_15-56-03,,BipedalWalker-v3,0,50,MU_ES,20,0.5,True,5,global,1.0,-1.0,False,True,logarithmic,8,logarithmic,1.5,logarithmic,2,0.01,100,0,1,0.1,0.5,5.0,1.0,5.0,0.1,0.01,0.001,0.05,5,0.5,0.9,0.9,True,False,1,True,
50,-22.35960291978915,-7.410779286343555,2020-06-06_11-59-47,,BipedalWalker-v3,0,50,MU_ES,7,0.1,True,5,fixed,1.0,-1.0,True,True,logarithmic,1.5,logarithmic,2,logarithmic,8,0.01,100,0,0.5,,,5.0,1.0,,0.3,0.001,,0.0,5,0.5,1.0,0.5,True,False,1,True,0.3
50,-98.03794954583745,-97.21970709250292,2020-06-05_18-37-02,,BipedalWalker-v3,0,50,MU_ES,20,0.01,False,1,global,1.0,-1.0,False,True,logarithmic,8,logarithmic,1.5,logarithmic,8,0.0,100,0,20,0.1,0.5,5.0,1.0,1.0,0.2,0.01,0.002,0.0,5,0.1,0.9,0.95,True,False,1,True,
50,-99.41233339158836,-98.58703135768135,2020-06-05_17-19-22,,BipedalWalker-v3,0,50,MU_ES,20,1.0,True,1,global,1.0,-1.0,True,False,logarithmic,1.5,logarithmic,8,logarithmic,1.5,0.01,100,0,3,0.1,0.5,1.0,5.0,1.0,0.1,0.05,0.005,0.0,3,0.05,0.95,0.95,True,False,1,True,
50,59.285626319760404,96.04904683880805,2020-06-05_12-24-42,,BipedalWalker-v3,0,50,MU_ES,20,0.05,True,10,legacy,1.0,-1.0,True,True,logarithmic,2,logarithmic,1.5,logarithmic,8,0.0001,100,0,10,0.3,0.5,1.0,5.0,1.0,0.2,0.01,0.002,0.0,3,0.3,0.95,0.8,True,False,1,True,
50,-87.72494452192794,-37.26093524525486,2020-06-05_16-58-56,,BipedalWalker-v3,0,50,MU_ES,5,0.05,False,20,fixed,1.0,-1.0,False,True,logarithmic,2,logarithmic,2,logarithmic,1.5,0.001,100,0,2,0.3,0.4,1.0,5.0,1.0,0.1,0.02,0.002,0.1,5,0.1,0.7,0.5,True,False,1,True,
50,-92.52934621499162,-85.91902353630395,2020-06-06_16-16-36,,BipedalWalker-v3,0,50,MU_ES,10,0.1,False,10,global,1.0,-1.0,False,True,logarithmic,2,logarithmic,1.5,logarithmic,1.5,0.001,100,0,2,,,5.0,5.0,,0.1,0.001,,0.2,3,0.5,1.0,0.8,True,False,1,True,0.5
50,-91.01300179845393,-90.65130358711663,2020-06-05_17-40-21,,BipedalWalker-v3,0,50,MU_ES,5,0.01,True,1,legacy,1.0,-1.0,True,False,logarithmic,2,logarithmic,8,logarithmic,2,0.001,100,0,0.5,0.3,0.4,1.0,1.0,5.0,0.2,0.01,0.005,0.1,5,0.1,0.5,0.5,True,False,1,True,
50,-92.6213395838111,-91.97382098947888,2020-06-05_18-35-04,,BipedalWalker-v3,0,50,MU_ES,20,0.01,True,5,global,1.0,-1.0,False,False,logarithmic,8,logarithmic,1.5,logarithmic,1.5,0.001,100,0,20,0.1,0.5,5.0,1.0,1.0,0.1,0.02,0.002,0.0,3,0.5,0.9,0.95,True,False,1,True,
50,-101.82966149214312,-101.80645253603363,2020-06-05_14-04-50,,BipedalWalker-v3,0,50,MU_ES,20,0.05,False,10,global,1.0,-1.0,False,True,logarithmic,8,logarithmic,8,logarithmic,8,0.01,100,0,10,0.2,0.5,1.0,5.0,1.0,0.1,0.01,0.002,0.0,3,0.1,0.9,0.99,True,False,1,True,
50,-62.293155186115065,-5.42767833149618,2020-06-05_15-28-02,,BipedalWalker-v3,0,50,MU_ES,10,1.0,False,5,legacy,1.0,-1.0,True,False,logarithmic,2,logarithmic,1.5,logarithmic,8,0.01,100,0,0.5,0.1,0.5,5.0,5.0,1.0,0.2,0.05,0.005,0.0,5,0.1,0.7,0.5,True,False,1,True,
50,45.8885628266999,74.05335503046092,2020-06-05_16-41-37,,BipedalWalker-v3,0,50,MU_ES,20,1.0,True,10,fixed,1.0,-1.0,False,False,logarithmic,2,logarithmic,1.5,logarithmic,1.5,0.0001,100,0,0.5,0.1,0.5,5.0,5.0,1.0,0.2,0.05,0.001,0.0,5,0.3,0.9,0.8,True,False,1,True,
50,-54.0796815858324,-13.345996327050758,2020-06-06_18-21-10,,BipedalWalker-v3,0,50,MU_ES,10,0.1,True,1,fixed,1.0,-1.0,False,True,logarithmic,2,logarithmic,1.5,logarithmic,1.5,0.001,100,0,1,,,5.0,5.0,,0.1,0.001,,0.0,5,0.2,1.0,0.9,True,False,1,True,0.5
50,-99.71309614472416,-98.12762996966181,2020-06-05_17-29-32,,BipedalWalker-v3,0,50,MU_ES,20,0.05,False,1,global,1.0,-1.0,False,True,logarithmic,1.5,logarithmic,8,logarithmic,8,0.0,100,0,10,0.3,0.5,5.0,1.0,1.0,0.1,0.01,0.001,0.05,5,0.1,0.9,0.5,True,False,1,True,
50,-101.51883625065497,-100.80580773595159,2020-06-05_18-31-53,,BipedalWalker-v3,0,50,MU_ES,20,1.0,False,10,global,1.0,-1.0,False,True,logarithmic,8,logarithmic,1.5,logarithmic,1.5,0.01,100,0,10,0.3,0.5,1.0,1.0,1.0,0.1,0.02,0.001,0.1,5,0.5,0.7,0.9,True,False,1,True,
50,-99.10226621108482,-98.99375654815627,2020-06-05_17-41-52,,BipedalWalker-v3,0,50,MU_ES,10,0.01,True,10,global,1.0,-1.0,True,False,logarithmic,2,logarithmic,8,logarithmic,1.5,0.0,100,0,10,0.2,0.4,1.0,5.0,5.0,0.1,0.05,0.001,0.0,5,0.1,0.7,0.5,True,False,1,True,
50,-102.34070410086264,-101.5472452978631,2020-06-05_14-14-29,,BipedalWalker-v3,0,50,MU_ES,20,0.05,False,1,fixed,1.0,-1.0,False,True,logarithmic,8,logarithmic,8,logarithmic,1.5,0.0,100,0,10,0.1,0.5,5.0,5.0,5.0,0.1,0.02,0.002,0.0,3,0.05,0.7,0.8,True,False,1,True,
50,-91.29566251669073,-69.90462533676691,2020-06-05_14-26-33,,BipedalWalker-v3,0,50,MU_ES,20,0.05,False,5,legacy,1.0,-1.0,False,True,logarithmic,1.5,logarithmic,8,logarithmic,8,0.01,100,0,3,0.3,0.5,1.0,1.0,1.0,0.2,0.02,0.005,0.0,3,0.05,0.95,0.8,True,False,1,True,
50,-87.22782402037829,-13.41772303275708,2020-06-06_18-56-23,,BipedalWalker-v3,0,50,MU_ES,5,1.0,False,10,legacy,1.0,-1.0,True,False,logarithmic,1.5,logarithmic,8,logarithmic,2,0.01,100,0,0.5,,,5.0,5.0,,0.1,0.003,,0.05,5,0.2,1.0,0.9,True,False,1,True,0.5
50,-99.5010916233134,-87.95022800216611,2020-06-05_16-59-49,,BipedalWalker-v3,0,50,MU_ES,20,0.5,True,10,global,1.0,-1.0,False,True,logarithmic,2,logarithmic,1.5,logarithmic,8,0.01,100,0,20,0.2,0.4,1.0,5.0,1.0,0.2,0.01,0.005,0.05,5,0.1,0.9,0.9,True,False,1,True,
50,-97.42050384167233,-97.25280012278516,2020-06-05_15-42-47,,BipedalWalker-v3,0,50,MU_ES,10,0.01,True,1,fixed,1.0,-1.0,True,False,logarithmic,8,logarithmic,2,logarithmic,8,0.0,100,0,20,0.2,0.4,1.0,1.0,5.0,0.2,0.02,0.002,0.05,5,0.3,0.7,0.5,True,False,1,True,
50,-91.46645892359432,-91.01328814756383,2020-06-05_19-26-43,,BipedalWalker-v3,0,50,MU_ES,10,0.01,False,1,fixed,1.0,-1.0,False,True,logarithmic,2,logarithmic,2,logarithmic,8,0.001,100,0,0.5,0.1,0.5,5.0,1.0,5.0,0.1,0.01,0.002,0.0,5,0.05,0.7,0.9,True,False,1,True,
50,-96.19908292006048,-22.069132865065626,2020-06-06_12-12-35,,BipedalWalker-v3,0,50,MU_ES,5,0.5,False,10,per_neuron,1.0,-1.0,False,True,logarithmic,8,logarithmic,2,logarithmic,2,0.1,100,0,5,,,5.0,5.0,,0.3,0.003,,0.05,5,0.5,1.0,0.8,True,False,1,True,0.3
50,-92.81551364360378,-90.50319045224063,2020-06-05_14-24-39,,BipedalWalker-v3,0,50,MU_ES,20,0.05,True,10,fixed,1.0,-1.0,True,True,logarithmic,8,logarithmic,8,logarithmic,8,0.0,100,0,3,0.1,0.4,1.0,1.0,5.0,0.2,0.01,0.005,0.0,5,0.1,0.95,0.95,True,False,1,True,
50,-34.54249003992293,-21.55680120015579,2020-06-05_17-36-15,,BipedalWalker-v3,0,50,MU_ES,10,0.5,False,20,fixed,1.0,-1.0,False,True,logarithmic,8,logarithmic,8,logarithmic,2,0.001,100,0,1,0.1,0.4,5.0,1.0,1.0,0.1,0.01,0.002,0.05,5,0.3,0.9,0.95,True,False,1,True,
50,-68.16694333425148,-38.27282400939337,2020-06-05_15-22-56,,BipedalWalker-v3,0,50,MU_ES,5,1.0,True,20,fixed,1.0,-1.0,True,False,logarithmic,2,logarithmic,2,logarithmic,1.5,0.001,100,0,1,0.1,0.4,5.0,5.0,1.0,0.2,0.05,0.001,0.1,5,0.1,0.9,0.99,True,False,1,True,
50,11.016701827498606,15.258857782437948,2020-06-05_19-18-40,,BipedalWalker-v3,0,50,MU_ES,10,0.5,False,5,global,1.0,-1.0,True,True,logarithmic,2,logarithmic,2,logarithmic,8,0.0,100,0,1,0.3,0.5,5.0,1.0,1.0,0.1,0.02,0.005,0.0,5,0.3,0.9,0.9,True,False,1,True,
50,-51.912639602129936,-23.73677971365696,2020-06-05_18-17-34,,BipedalWalker-v3,0,50,MU_ES,10,1.0,False,10,global,1.0,-1.0,False,False,logarithmic,2,logarithmic,8,logarithmic,1.5,0.0001,100,0,1,0.1,0.5,1.0,1.0,1.0,0.2,0.05,0.001,0.0,5,0.05,0.5,0.95,True,False,1,True,
50,14.651576846431967,17.176865129562145,2020-06-05_14-37-40,,BipedalWalker-v3,0,50,MU_ES,20,0.05,False,5,legacy,1.0,-1.0,False,True,logarithmic,8,logarithmic,2,logarithmic,8,0.0001,100,0,3,0.3,0.5,1.0,1.0,1.0,0.2,0.02,0.002,0.1,5,0.3,0.9,0.9,True,False,1,True,
50,-92.32940150635243,-82.51354690111144,2020-06-06_12-09-36,,BipedalWalker-v3,0,50,MU_ES,5,1.0,True,5,global,1.0,-1.0,True,False,logarithmic,8,logarithmic,8,logarithmic,2,0.0,100,0,5,,,5.0,1.0,,0.3,0.03,,0.05,5,0.3,1.0,0.5,True,False,1,True,0.5
50,-99.2540945141062,-96.86850252240616,2020-06-05_18-45-53,,BipedalWalker-v3,0,50,MU_ES,20,0.5,False,5,global,1.0,-1.0,True,False,logarithmic,2,logarithmic,1.5,logarithmic,1.5,0.0001,100,0,10,0.2,0.5,5.0,5.0,1.0,0.2,0.01,0.005,0.1,3,0.5,0.5,0.8,True,False,1,True,
50,-20.266734549822782,-2.905746318612003,2020-06-05_15-32-14,,BipedalWalker-v3,0,50,MU_ES,10,0.5,False,1,global,1.0,-1.0,True,True,logarithmic,2,logarithmic,1.5,logarithmic,1.5,0.001,100,0,1,0.3,0.5,1.0,1.0,5.0,0.2,0.01,0.005,0.05,5,0.1,0.95,0.8,True,False,1,True,
50,-102.1775740490746,-101.16383465943848,2020-06-05_14-36-48,,BipedalWalker-v3,0,50,MU_ES,20,0.05,True,5,fixed,1.0,-1.0,True,True,logarithmic,2,logarithmic,1.5,logarithmic,1.5,0.0001,100,0,20,0.1,0.5,1.0,5.0,1.0,0.2,0.05,0.005,0.05,3,0.1,0.9,0.9,True,False,1,True,
50,89.05723931178555,143.28957331107162,2020-06-06_16-30-17,,BipedalWalker-v3,0,50,MU_ES,7,0.5,True,5,fixed,1.0,-1.0,False,True,logarithmic,8,logarithmic,1.5,logarithmic,2,0.001,100,0,0.5,,,1.0,1.0,,0.3,0.03,,0.05,5,0.2,1.0,0.9,True,False,1,True,0.3
50,-14.219601589167919,121.38093975064407,2020-06-06_14-09-19,,BipedalWalker-v3,0,50,MU_ES,10,0.1,True,1,global,1.0,-1.0,False,False,logarithmic,8,logarithmic,2,logarithmic,1.5,0.0,100,0,2,,,1.0,1.0,,0.3,0.01,,0.0,5,0.2,1.0,0.5,True,False,1,True,0.3
50,-35.24604110776723,-22.91006428246617,2020-06-06_18-47-46,,BipedalWalker-v3,0,50,MU_ES,10,0.5,False,5,per_neuron,1.0,-1.0,False,True,logarithmic,8,logarithmic,2,logarithmic,8,0.0,100,0,1,,,5.0,1.0,,0.1,0.03,,0.05,3,0.3,1.0,0.5,True,False,1,True,0.5
50,-2.6545601867041944,3.0685193035371516,2020-06-05_14-57-42,,BipedalWalker-v3,0,50,MU_ES,20,0.05,False,20,legacy,1.0,-1.0,False,True,logarithmic,8,logarithmic,8,logarithmic,2,0.0001,100,0,3,0.2,0.5,5.0,1.0,5.0,0.1,0.05,0.005,0.0,3,0.1,0.95,0.9,True,False,1,True,
50,-88.08789949209851,-51.93583559606352,2020-06-05_15-54-11,,BipedalWalker-v3,0,50,MU_ES,5,1.0,False,10,legacy,1.0,-1.0,False,True,logarithmic,1.5,logarithmic,2,logarithmic,8,0.01,100,0,10,0.3,0.5,5.0,5.0,5.0,0.1,0.01,0.001,0.05,3,0.5,0.95,0.99,True,False,1,True,
50,-20.300954376480753,-8.546206900279117,2020-06-05_13-43-50,,BipedalWalker-v3,0,50,MU_ES,20,0.05,True,10,legacy,1.0,-1.0,False,True,logarithmic,2,logarithmic,2,logarithmic,8,0.001,100,0,3,0.3,0.4,1.0,5.0,1.0,0.1,0.01,0.002,0.05,3,0.1,0.9,0.9,True,False,1,True,
50,-96.11929615415957,-92.48342677597596,2020-06-05_14-18-16,,BipedalWalker-v3,0,50,MU_ES,20,0.05,False,5,global,1.0,-1.0,False,True,logarithmic,1.5,logarithmic,2,logarithmic,8,0.0,100,0,10,0.2,0.4,1.0,5.0,1.0,0.1,0.02,0.001,0.05,5,0.05,0.9,0.95,True,False,1,True,
50,-87.58332975004198,-83.47237559842588,2020-06-05_14-53-37,,BipedalWalker-v3,0,50,MU_ES,20,0.05,True,20,fixed,1.0,-1.0,True,True,logarithmic,2,logarithmic,8,logarithmic,8,0.01,100,0,3,0.3,0.5,1.0,1.0,5.0,0.2,0.01,0.005,0.0,5,0.05,0.95,0.8,True,False,1,True,
50,-96.14463711800586,-95.06931086641364,2020-06-05_17-55-15,,BipedalWalker-v3,0,50,MU_ES,20,1.0,True,1,fixed,1.0,-1.0,True,True,logarithmic,8,logarithmic,1.5,logarithmic,2,0.0,100,0,10,0.3,0.5,5.0,1.0,1.0,0.1,0.02,0.001,0.1,5,0.05,0.95,0.5,True,False,1,True,
50,-37.90927298637801,-5.086785545423956,2020-06-05_16-07-24,,BipedalWalker-v3,0,50,MU_ES,20,1.0,True,1,global,1.0,-1.0,False,False,logarithmic,8,logarithmic,2,logarithmic,8,0.01,100,0,0.5,0.1,0.4,1.0,5.0,1.0,0.2,0.01,0.001,0.0,3,0.5,0.9,0.95,True,False,1,True,
50,-84.18565229294545,-71.08005540375362,2020-06-05_13-28-34,,BipedalWalker-v3,0,50,MU_ES,20,0.05,False,1,legacy,1.0,-1.0,True,True,logarithmic,2,logarithmic,8,logarithmic,1.5,0.0001,100,0,10,0.1,0.4,5.0,5.0,5.0,0.1,0.02,0.001,0.0,5,0.3,0.9,0.8,True,False,1,True,
50,-99.72163036191542,-50.18240014160492,2020-06-05_17-45-17,,BipedalWalker-v3,0,50,MU_ES,5,1.0,False,10,legacy,1.0,-1.0,True,False,logarithmic,1.5,logarithmic,2,logarithmic,1.5,0.0,100,0,20,0.1,0.4,1.0,1.0,1.0,0.2,0.05,0.005,0.0,3,0.5,0.5,0.9,True,False,1,True,
50,-99.96409074211485,-99.56072827284045,2020-06-05_14-33-32,,BipedalWalker-v3,0,50,MU_ES,20,0.05,False,10,fixed,1.0,-1.0,True,True,logarithmic,1.5,logarithmic,1.5,logarithmic,2,0.0001,100,0,10,0.3,0.4,1.0,1.0,5.0,0.1,0.01,0.005,0.0,3,0.05,0.95,0.95,True,False,1,True,
50,10.085820258855687,11.175786653180714,2020-06-05_17-49-21,,BipedalWalker-v3,0,50,MU_ES,20,0.01,True,10,legacy,1.0,-1.0,True,True,logarithmic,2,logarithmic,8,logarithmic,8,0.01,100,0,1,0.2,0.5,5.0,5.0,5.0,0.2,0.05,0.005,0.0,5,0.05,0.5,0.5,True,False,1,True,
50,-98.60901350369602,-92.96045077935956,2020-06-05_15-19-28,,BipedalWalker-v3,0,50,MU_ES,20,0.01,True,20,fixed,1.0,-1.0,True,False,logarithmic,8,logarithmic,1.5,logarithmic,1.5,0.0001,100,0,3,0.2,0.5,1.0,5.0,1.0,0.1,0.02,0.002,0.1,3,0.1,0.7,0.8,True,False,1,True,
50,-88.4890875923215,-88.36321210909695,2020-06-05_16-25-33,,BipedalWalker-v3,0,50,MU_ES,10,0.5,False,20,legacy,1.0,-1.0,True,False,logarithmic,8,logarithmic,2,logarithmic,8,0.0,100,0,0.5,0.3,0.4,1.0,1.0,1.0,0.2,0.01,0.005,0.05,5,0.3,0.5,0.8,True,False,1,True,
50,-99.69201303440708,-99.5902513685535,2020-06-05_14-17-27,,BipedalWalker-v3,0,50,MU_ES,20,0.05,True,5,global,1.0,-1.0,False,True,logarithmic,2,logarithmic,8,logarithmic,2,0.0001,100,0,10,0.1,0.4,1.0,5.0,1.0,0.1,0.05,0.002,0.1,5,0.05,0.9,0.99,True,False,1,True,
50,-97.31379769192172,-92.72773747311892,2020-06-05_14-23-01,,BipedalWalker-v3,0,50,MU_ES,20,0.05,True,20,legacy,1.0,-1.0,False,True,logarithmic,2,logarithmic,2,logarithmic,1.5,0.01,100,0,10,0.2,0.5,1.0,1.0,1.0,0.1,0.01,0.002,0.05,5,0.3,0.95,0.95,True,False,1,True,
50,-95.0249647378058,-90.83308124842982,2020-06-06_16-03-19,,BipedalWalker-v3,0,50,MU_ES,7,1.0,True,10,per_neuron,1.0,-1.0,False,False,logarithmic,1.5,logarithmic,2,logarithmic,1.5,0.01,100,0,2,,,1.0,1.0,,0.3,0.003,,0.0,3,0.3,1.0,0.9,True,False,1,True,0.3
50,205.26439660338644,217.70451942474563,2020-06-05_16-12-54,,BipedalWalker-v3,0,50,MU_ES,5,0.05,True,1,legacy,1.0,-1.0,False,False,logarithmic,2,logarithmic,2,logarithmic,8,0.0,100,0,3,0.2,0.5,1.0,5.0,5.0,0.1,0.01,0.005,0.1,5,0.3,0.9,0.5,True,False,1,True,
50,-84.33926691359531,-8.707891679112521,2020-06-06_19-01-09,,BipedalWalker-v3,0,50,MU_ES,7,0.25,True,5,global,1.0,-1.0,False,False,logarithmic,1.5,logarithmic,8,logarithmic,8,0.01,100,0,0.5,,,1.0,1.0,,0.3,0.003,,0.0,3,0.3,1.0,0.5,True,False,1,True,0.3
50,-33.68451054077597,138.3412809127095,2020-06-06_18-57-59,,BipedalWalker-v3,0,50,MU_ES,5,0.1,True,5,global,1.0,-1.0,True,True,logarithmic,8,logarithmic,1.5,logarithmic,2,0.1,100,0,5,,,5.0,5.0,,0.3,0.01,,0.0,5,0.5,1.0,0.8,True,False,1,True,0.5
50,-20.13020996065881,-11.329301574635869,2020-06-06_15-54-16,,BipedalWalker-v3,0,50,MU_ES,10,0.25,False,10,global,1.0,-1.0,False,True,logarithmic,2,logarithmic,2,logarithmic,1.5,0.1,100,0,2,,,5.0,5.0,,0.1,0.001,,0.05,5,0.5,1.0,0.9,True,False,1,True,0.5
50,-2.263635360234828,19.93507100612777,2020-06-06_19-50-23,,BipedalWalker-v3,0,50,MU_ES,7,0.5,False,5,per_neuron,1.0,-1.0,False,False,logarithmic,2,logarithmic,2,logarithmic,2,0.0,100,0,5,,,5.0,1.0,,0.1,0.001,,0.05,5,0.5,1.0,0.8,True,False,1,True,0.3
50,-22.831064963410896,-12.213069745387884,2020-06-06_19-04-16,,BipedalWalker-v3,0,50,MU_ES,5,0.1,True,5,per_neuron,1.0,-1.0,False,True,logarithmic,2,logarithmic,1.5,logarithmic,1.5,0.1,100,0,1,,,1.0,1.0,,0.3,0.01,,0.1,3,0.3,1.0,0.5,True,False,1,True,0.3
50,-47.99401797434466,-32.05336854991323,2020-06-06_17-07-32,,BipedalWalker-v3,0,50,MU_ES,5,1.0,True,1,legacy,1.0,-1.0,True,True,logarithmic,8,logarithmic,1.5,logarithmic,8,0.0,100,0,0.5,,,5.0,1.0,,0.3,0.03,,0.0,3,0.2,1.0,0.9,True,False,1,True,0.3
50,-2.902031619627217,2.566580026730599,2020-06-06_13-59-54,,BipedalWalker-v3,0,50,MU_ES,7,0.25,False,5,legacy,1.0,-1.0,False,False,logarithmic,1.5,logarithmic,1.5,logarithmic,8,0.01,100,0,0.5,,,1.0,1.0,,0.3,0.001,,0.0,5,0.5,1.0,0.5,True,False,1,True,0.3
50,-95.47293221341941,-80.06783454683145,2020-06-05_13-12-00,,BipedalWalker-v3,0,50,MU_ES,20,0.05,True,10,legacy,1.0,-1.0,True,True,logarithmic,2,logarithmic,2,logarithmic,8,0.001,100,0,10,0.3,0.4,5.0,1.0,5.0,0.1,0.02,0.002,0.1,5,0.1,0.7,0.95,True,False,1,True,
50,-92.14428361991415,-90.00136514260996,2020-06-05_18-07-13,,BipedalWalker-v3,0,50,MU_ES,10,0.05,False,10,global,1.0,-1.0,True,False,logarithmic,2,logarithmic,2,logarithmic,2,0.001,100,0,20,0.1,0.5,1.0,5.0,1.0,0.1,0.05,0.002,0.0,3,0.3,0.9,0.99,True,False,1,True,
50,-99.49092633154217,-94.2608050543954,2020-06-05_14-52-35,,BipedalWalker-v3,0,50,MU_ES,20,0.05,True,20,fixed,1.0,-1.0,True,True,logarithmic,1.5,logarithmic,2,logarithmic,1.5,0.01,100,0,10,0.2,0.5,5.0,5.0,5.0,0.2,0.05,0.001,0.0,3,0.1,0.9,0.95,True,False,1,True,
50,-100.70262199968299,-100.04523014194315,2020-06-05_14-11-03,,BipedalWalker-v3,0,50,MU_ES,20,0.05,True,20,fixed,1.0,-1.0,False,True,logarithmic,1.5,logarithmic,1.5,logarithmic,8,0.0001,100,0,20,0.1,0.4,1.0,5.0,1.0,0.2,0.01,0.001,0.05,3,0.05,0.7,0.8,True,False,1,True,
50,-98.45157188735838,-96.15771922463838,2020-06-05_15-03-20,,BipedalWalker-v3,0,50,MU_ES,20,0.05,False,5,fixed,1.0,-1.0,False,True,logarithmic,1.5,logarithmic,2,logarithmic,2,0.0001,100,0,3,0.3,0.5,1.0,1.0,5.0,0.1,0.05,0.005,0.05,5,0.3,0.9,0.8,True,False,1,True,
50,5.034362897247685,10.531732098842562,2020-06-05_15-45-07,,BipedalWalker-v3,0,50,MU_ES,10,0.01,True,1,global,1.0,-1.0,False,True,logarithmic,1.5,logarithmic,2,logarithmic,8,0.0001,100,0,2,0.1,0.4,1.0,1.0,5.0,0.2,0.01,0.002,0.0,5,0.3,0.7,0.99,True,False,1,True,
50,-87.91689296441866,-12.748595302846695,2020-06-05_17-33-22,,BipedalWalker-v3,0,50,MU_ES,20,0.05,True,10,legacy,1.0,-1.0,True,False,logarithmic,2,logarithmic,1.5,logarithmic,2,0.0001,100,0,3,0.2,0.5,5.0,1.0,1.0,0.1,0.05,0.001,0.05,3,0.3,0.5,0.5,True,False,1,True,
50,1.0490830513331406,5.171773335017789,2020-06-05_18-38-48,,BipedalWalker-v3,0,50,MU_ES,10,0.05,True,20,legacy,1.0,-1.0,False,False,logarithmic,8,logarithmic,8,logarithmic,1.5,0.01,100,0,1,0.1,0.4,1.0,1.0,5.0,0.2,0.05,0.002,0.0,5,0.1,0.9,0.5,True,False,1,True,
50,-14.03231679997514,1.6372623614674913,2020-06-06_19-39-44,,BipedalWalker-v3,0,50,MU_ES,5,0.25,False,5,legacy,1.0,-1.0,False,True,logarithmic,8,logarithmic,8,logarithmic,1.5,0.001,100,0,1,,,1.0,5.0,,0.1,0.03,,0.0,3,0.3,1.0,0.9,True,False,1,True,0.3
50,35.709989458484294,53.09233161546655,2020-06-05_16-48-52,,BipedalWalker-v3,0,50,MU_ES,10,0.5,True,5,global,1.0,-1.0,False,False,logarithmic,1.5,logarithmic,1.5,logarithmic,2,0.01,100,0,2,0.1,0.5,1.0,5.0,5.0,0.2,0.05,0.001,0.0,5,0.3,0.9,0.5,True,False,1,True,
50,-67.46346347930172,-33.22676420966112,2020-06-05_17-00-47,,BipedalWalker-v3,0,50,MU_ES,20,1.0,True,5,global,1.0,-1.0,False,False,logarithmic,2,logarithmic,1.5,logarithmic,8,0.0001,100,0,3,0.3,0.5,5.0,1.0,1.0,0.1,0.01,0.005,0.0,3,0.5,0.9,0.8,True,False,1,True,
50,-99.86808587986896,-86.16163347620073,2020-06-06_18-46-42,,BipedalWalker-v3,0,50,MU_ES,10,0.5,True,5,per_neuron,1.0,-1.0,False,False,logarithmic,2,logarithmic,1.5,logarithmic,8,0.01,100,0,5,,,1.0,5.0,,0.3,0.01,,0.0,3,0.2,1.0,0.5,True,False,1,True,0.5
50,-2.5141137337338217,-0.8136915407997778,2020-06-06_13-50-54,,BipedalWalker-v3,0,50,MU_ES,7,0.1,True,5,legacy,1.0,-1.0,True,True,logarithmic,1.5,logarithmic,8,logarithmic,1.5,0.01,100,0,1,,,1.0,5.0,,0.1,0.003,,0.1,5,0.2,1.0,0.5,True,False,1,True,0.3
50,-100.73339478848818,-98.5467584471373,2020-06-05_17-23-32,,BipedalWalker-v3,0,50,MU_ES,20,0.5,True,5,fixed,1.0,-1.0,False,True,logarithmic,1.5,logarithmic,2,logarithmic,2,0.0,100,0,10,0.3,0.4,5.0,5.0,5.0,0.2,0.01,0.001,0.05,3,0.05,0.7,0.5,True,False,1,True,
50,-99.14601326192603,-97.76377859999714,2020-06-05_14-55-29,,BipedalWalker-v3,0,50,MU_ES,20,0.05,True,1,fixed,1.0,-1.0,False,True,logarithmic,8,logarithmic,8,logarithmic,8,0.001,100,0,3,0.1,0.5,1.0,1.0,5.0,0.1,0.02,0.005,0.05,3,0.3,0.7,0.8,True,False,1,True,
50,-102.25899256581009,-101.60588631044617,2020-06-05_13-54-52,,BipedalWalker-v3,0,50,MU_ES,20,0.05,True,10,global,1.0,-1.0,False,True,logarithmic,8,logarithmic,8,logarithmic,8,0.01,100,0,10,0.2,0.5,1.0,1.0,1.0,0.2,0.05,0.005,0.0,5,0.1,0.7,0.95,True,False,1,True,
50,-95.80007387385108,-86.71915232948969,2020-06-06_11-58-33,,BipedalWalker-v3,0,50,MU_ES,7,1.0,True,10,global,1.0,-1.0,False,True,logarithmic,8,logarithmic,2,logarithmic,1.5,0.0,100,0,5,,,1.0,1.0,,0.3,0.01,,0.1,5,0.3,1.0,0.9,True,False,1,True,0.3
50,-98.22436703176905,-94.49299514772818,2020-06-05_14-16-36,,BipedalWalker-v3,0,50,MU_ES,20,0.05,False,5,fixed,1.0,-1.0,True,True,logarithmic,2,logarithmic,2,logarithmic,2,0.01,100,0,3,0.2,0.4,1.0,1.0,1.0,0.2,0.01,0.001,0.05,5,0.1,0.9,0.99,True,False,1,True,
50,3.924234072763755,5.101971455383213,2020-06-06_12-28-39,,BipedalWalker-v3,0,50,MU_ES,7,0.1,True,10,global,1.0,-1.0,False,False,logarithmic,1.5,logarithmic,8,logarithmic,1.5,0.1,100,0,0.5,,,1.0,5.0,,0.3,0.01,,0.0,5,0.3,1.0,0.9,True,False,1,True,0.5
50,-99.32345606991457,-97.85160726088272,2020-06-05_16-26-46,,BipedalWalker-v3,0,50,MU_ES,10,1.0,False,20,fixed,1.0,-1.0,True,True,logarithmic,2,logarithmic,2,logarithmic,1.5,0.0,100,0,20,0.1,0.5,1.0,5.0,1.0,0.2,0.01,0.005,0.0,5,0.3,0.95,0.8,True,False,1,True,
50,-97.80238833745165,-95.80648079189761,2020-06-05_14-22-12,,BipedalWalker-v3,0,50,MU_ES,20,0.05,True,20,fixed,1.0,-1.0,True,True,logarithmic,8,logarithmic,8,logarithmic,1.5,0.0,100,0,20,0.2,0.4,1.0,5.0,1.0,0.1,0.05,0.001,0.0,3,0.3,0.7,0.95,True,False,1,True,
50,-101.05981585674505,-96.08945962796008,2020-06-05_17-41-14,,BipedalWalker-v3,0,50,MU_ES,10,1.0,True,5,global,1.0,-1.0,False,False,logarithmic,1.5,logarithmic,8,logarithmic,2,0.0,100,0,20,0.1,0.5,1.0,1.0,5.0,0.1,0.05,0.002,0.0,5,0.3,0.5,0.5,True,False,1,True,
50,-88.02094792009314,-28.770001241791476,2020-06-06_16-15-05,,BipedalWalker-v3,0,50,MU_ES,5,1.0,True,10,legacy,1.0,-1.0,True,True,logarithmic,2,logarithmic,8,logarithmic,2,0.0,100,0,2,,,1.0,5.0,,0.1,0.001,,0.2,5,0.2,1.0,0.5,True,False,1,True,0.3
50,-85.16662145538297,-25.684591696722297,2020-06-05_19-30-04,,BipedalWalker-v3,0,50,MU_ES,20,0.5,True,20,legacy,1.0,-1.0,False,False,logarithmic,8,logarithmic,1.5,logarithmic,1.5,0.0001,100,0,10,0.2,0.5,5.0,5.0,1.0,0.1,0.01,0.002,0.0,3,0.3,0.9,0.95,True,False,1,True,
50,-95.2629417396059,-93.19543292187996,2020-06-05_19-29-16,,BipedalWalker-v3,0,50,MU_ES,20,0.01,True,1,global,1.0,-1.0,True,True,logarithmic,8,logarithmic,8,logarithmic,1.5,0.0,100,0,2,0.1,0.5,5.0,5.0,5.0,0.2,0.05,0.001,0.05,5,0.1,0.7,0.9,True,False,1,True,
50,-1.1984006645376692,29.792290571505482,2020-06-05_16-34-46,,BipedalWalker-v3,0,50,MU_ES,5,1.0,False,10,global,1.0,-1.0,False,False,logarithmic,8,logarithmic,2,logarithmic,8,0.01,100,0,3,0.3,0.5,1.0,5.0,1.0,0.2,0.05,0.001,0.0,3,0.3,0.95,0.95,True,False,1,True,
50,-41.88489510796197,-26.242360224860505,2020-06-06_16-57-22,,BipedalWalker-v3,0,50,MU_ES,5,0.5,False,10,per_neuron,1.0,-1.0,True,True,logarithmic,1.5,logarithmic,1.5,logarithmic,8,0.01,100,0,1,,,5.0,5.0,,0.3,0.001,,0.1,3,0.5,1.0,0.9,True,False,1,True,0.3
50,-91.2651817271702,-90.91871440589911,2020-06-05_18-30-48,,BipedalWalker-v3,0,50,MU_ES,5,0.05,True,5,global,1.0,-1.0,False,True,logarithmic,8,logarithmic,8,logarithmic,2,0.0001,100,0,0.5,0.1,0.4,5.0,5.0,1.0,0.1,0.02,0.001,0.05,3,0.05,0.95,0.5,True,False,1,True,
50,-93.26500770974354,-93.07370017851018,2020-06-05_14-32-38,,BipedalWalker-v3,0,50,MU_ES,20,0.05,True,20,global,1.0,-1.0,True,True,logarithmic,8,logarithmic,2,logarithmic,2,0.0001,100,0,10,0.2,0.4,1.0,5.0,5.0,0.1,0.02,0.001,0.0,5,0.05,0.9,0.9,True,False,1,True,
50,-39.939295666974324,-13.20506808369246,2020-06-06_18-31-27,,BipedalWalker-v3,0,50,MU_ES,10,1.0,False,5,fixed,1.0,-1.0,False,False,logarithmic,1.5,logarithmic,8,logarithmic,8,0.001,100,0,0.5,,,5.0,5.0,,0.1,0.003,,0.0,5,0.3,1.0,0.9,True,False,1,True,0.3
50,-97.45603526197561,-96.30876226825394,2020-06-06_15-41-02,,BipedalWalker-v3,0,50,MU_ES,10,0.25,False,1,global,1.0,-1.0,True,True,logarithmic,1.5,logarithmic,8,logarithmic,8,0.001,100,0,5,,,1.0,5.0,,0.1,0.001,,0.2,5,0.3,1.0,0.9,True,False,1,True,0.5
50,-9.12007522683763,-7.263405704672338,2020-06-06_18-11-18,,BipedalWalker-v3,0,50,MU_ES,5,1.0,False,5,per_neuron,1.0,-1.0,True,True,logarithmic,2,logarithmic,2,logarithmic,1.5,0.1,100,0,1,,,1.0,5.0,,0.1,0.003,,0.0,5,0.3,1.0,0.8,True,False,1,True,0.5
50,-84.28831430735863,-48.16219897535086,2020-06-05_17-35-03,,BipedalWalker-v3,0,50,MU_ES,5,0.5,True,1,legacy,1.0,-1.0,True,True,logarithmic,8,logarithmic,2,logarithmic,1.5,0.0001,100,0,2,0.1,0.4,1.0,5.0,5.0,0.1,0.02,0.002,0.1,3,0.05,0.9,0.9,True,False,1,True,
50,-95.36847185459132,-91.1605078587978,2020-06-05_19-17-34,,BipedalWalker-v3,0,50,MU_ES,5,0.01,False,20,fixed,1.0,-1.0,True,False,logarithmic,2,logarithmic,8,logarithmic,2,0.01,100,0,2,0.1,0.5,5.0,1.0,5.0,0.1,0.01,0.005,0.1,3,0.5,0.7,0.9,True,False,1,True,
50,-97.8799109531567,-97.53489783436754,2020-06-05_14-15-06,,BipedalWalker-v3,0,50,MU_ES,20,0.05,True,10,fixed,1.0,-1.0,True,True,logarithmic,8,logarithmic,8,logarithmic,1.5,0.01,100,0,3,0.2,0.4,1.0,5.0,1.0,0.1,0.01,0.001,0.0,3,0.1,0.7,0.95,True,False,1,True,
50,-101.12381562463379,-96.24222886868151,2020-06-05_19-27-45,,BipedalWalker-v3,0,50,MU_ES,10,1.0,True,20,fixed,1.0,-1.0,False,True,logarithmic,1.5,logarithmic,8,logarithmic,2,0.01,100,0,3,0.3,0.5,5.0,1.0,5.0,0.1,0.05,0.001,0.1,3,0.05,0.9,0.99,True,False,1,True,
50,-100.42587553664063,-100.37004428821093,2020-06-05_17-02-31,,BipedalWalker-v3,0,50,MU_ES,20,0.01,True,10,global,1.0,-1.0,True,False,logarithmic,2,logarithmic,8,logarithmic,2,0.001,100,0,20,0.3,0.5,5.0,5.0,1.0,0.1,0.01,0.005,0.0,3,0.05,0.7,0.9,True,False,1,True,
50,-99.23578629894482,-64.28524386267883,2020-06-05_14-11-45,,BipedalWalker-v3,0,50,MU_ES,20,0.05,True,5,fixed,1.0,-1.0,False,True,logarithmic,2,logarithmic,8,logarithmic,1.5,0.01,100,0,10,0.2,0.5,5.0,5.0,5.0,0.1,0.05,0.001,0.0,3,0.05,0.9,0.95,True,False,1,True,
50,-83.33332441178894,-57.49619489954688,2020-06-05_13-10-25,,BipedalWalker-v3,0,50,MU_ES,20,0.05,True,20,legacy,1.0,-1.0,False,True,logarithmic,1.5,logarithmic,8,logarithmic,8,0.001,100,0,10,0.3,0.4,5.0,5.0,5.0,0.1,0.02,0.002,0.0,5,0.05,0.9,0.95,True,False,1,True,
50,-32.76812427937854,23.148571910994633,2020-06-06_18-06-42,,BipedalWalker-v3,0,50,MU_ES,10,1.0,False,10,fixed,1.0,-1.0,True,False,logarithmic,2,logarithmic,8,logarithmic,2,0.1,100,0,5,,,5.0,5.0,,0.1,0.003,,0.2,5,0.3,1.0,0.8,True,False,1,True,0.5
50,-81.35138398154642,-13.229219949777008,2020-06-05_17-03-16,,BipedalWalker-v3,0,50,MU_ES,5,0.05,True,10,legacy,1.0,-1.0,False,False,logarithmic,8,logarithmic,1.5,logarithmic,8,0.0001,100,0,1,0.2,0.4,1.0,1.0,5.0,0.1,0.05,0.001,0.0,5,0.5,0.95,0.5,True,False,1,True,
50,6.086214231933285,9.653344924428648,2020-06-05_15-04-27,,BipedalWalker-v3,0,50,MU_ES,20,0.05,True,1,legacy,1.0,-1.0,False,True,logarithmic,2,logarithmic,8,logarithmic,1.5,0.01,100,0,3,0.3,0.4,5.0,5.0,1.0,0.2,0.02,0.005,0.05,3,0.3,0.95,0.8,True,False,1,True,
50,-2.7960822522114883,-0.49448260534932237,2020-06-05_13-14-00,,BipedalWalker-v3,0,50,MU_ES,20,0.05,False,1,legacy,1.0,-1.0,False,True,logarithmic,2,logarithmic,2,logarithmic,8,0.001,100,0,3,0.2,0.5,1.0,1.0,5.0,0.2,0.02,0.001,0.0,5,0.3,0.9,0.9,True,False,1,True,
50,-84.72855498375502,-10.49586596033104,2020-06-05_17-24-27,,BipedalWalker-v3,0,50,MU_ES,5,0.5,True,5,global,1.0,-1.0,False,False,logarithmic,2,logarithmic,2,logarithmic,2,0.0,100,0,2,0.1,0.5,1.0,5.0,5.0,0.2,0.05,0.005,0.0,3,0.1,0.5,0.5,True,False,1,True,
50,-90.37971411498984,-65.75519443963404,2020-06-06_19-02-49,,BipedalWalker-v3,0,50,MU_ES,7,0.1,True,10,global,1.0,-1.0,False,True,logarithmic,1.5,logarithmic,1.5,logarithmic,8,0.001,100,0,0.5,,,1.0,1.0,,0.1,0.01,,0.05,3,0.3,1.0,0.5,True,False,1,True,0.3
50,-45.94823823864887,6.252572747787761,2020-06-06_14-31-00,,BipedalWalker-v3,0,50,MU_ES,5,0.5,False,10,per_neuron,1.0,-1.0,False,True,logarithmic,1.5,logarithmic,2,logarithmic,2,0.001,100,0,5,,,1.0,1.0,,0.3,0.01,,0.0,3,0.2,1.0,0.5,True,False,1,True,0.3
50,-39.857604462636935,-36.16456097333921,2020-06-05_14-34-35,,BipedalWalker-v3,0,50,MU_ES,20,0.05,True,20,global,1.0,-1.0,False,True,logarithmic,8,logarithmic,2,logarithmic,8,0.0,100,0,3,0.2,0.4,5.0,1.0,1.0,0.2,0.01,0.005,0.05,5,0.1,0.95,0.95,True,False,1,True,
50,-98.04017715830021,-95.86119611190139,2020-06-05_14-04-04,,BipedalWalker-v3,0,50,MU_ES,20,0.05,False,10,global,1.0,-1.0,False,True,logarithmic,8,logarithmic,8,logarithmic,8,0.01,100,0,10,0.1,0.5,5.0,1.0,1.0,0.2,0.05,0.002,0.0,3,0.1,0.7,0.8,True,False,1,True,
50,-87.34468956483107,-2.6257125265864882,2020-06-06_14-36-47,,BipedalWalker-v3,0,50,MU_ES,10,0.1,False,1,global,1.0,-1.0,True,True,logarithmic,1.5,logarithmic,2,logarithmic,1.5,0.01,100,0,2,,,1.0,5.0,,0.3,0.003,,0.05,3,0.2,1.0,0.8,True,False,1,True,0.3
50,46.146835314858194,63.780187415971874,2020-06-05_17-25-15,,BipedalWalker-v3,0,50,MU_ES,5,0.5,True,10,fixed,1.0,-1.0,True,True,logarithmic,8,logarithmic,1.5,logarithmic,8,0.001,100,0,3,0.1,0.5,5.0,1.0,5.0,0.2,0.02,0.005,0.0,3,0.3,0.5,0.9,True,False,1,True,
50,-101.88486000988925,-101.70617401771787,2020-06-05_16-23-15,,BipedalWalker-v3,0,50,MU_ES,10,0.01,False,10,global,1.0,-1.0,True,False,logarithmic,2,logarithmic,8,logarithmic,2,0.001,100,0,20,0.1,0.5,5.0,5.0,1.0,0.1,0.05,0.005,0.05,3,0.05,0.5,0.8,True,False,1,True,
50,-99.13087829720703,-98.74115817174106,2020-06-05_16-23-41,,BipedalWalker-v3,0,50,MU_ES,5,0.5,False,5,legacy,1.0,-1.0,False,True,logarithmic,2,logarithmic,1.5,logarithmic,2,0.01,100,0,10,0.3,0.5,5.0,1.0,1.0,0.1,0.05,0.002,0.05,3,0.05,0.5,0.8,True,False,1,True,
50,-95.93076083959427,-70.05384311588341,2020-06-05_15-20-10,,BipedalWalker-v3,0,50,MU_ES,10,1.0,False,1,global,1.0,-1.0,True,False,logarithmic,1.5,logarithmic,1.5,logarithmic,2,0.0,100,0,10,0.1,0.4,1.0,1.0,1.0,0.1,0.02,0.005,0.0,3,0.5,0.9,0.5,True,False,1,True,
50,-91.55173188815336,-72.39501552123133,2020-06-06_19-20-55,,BipedalWalker-v3,0,50,MU_ES,7,1.0,True,1,legacy,1.0,-1.0,False,False,logarithmic,1.5,logarithmic,2,logarithmic,2,0.0,100,0,5,,,1.0,5.0,,0.3,0.001,,0.0,5,0.2,1.0,0.5,True,False,1,True,0.5
50,-98.42656325703305,-97.58820685397653,2020-06-06_16-04-39,,BipedalWalker-v3,0,50,MU_ES,7,0.1,True,10,per_neuron,1.0,-1.0,True,True,logarithmic,1.5,logarithmic,1.5,logarithmic,8,0.1,100,0,5,,,5.0,5.0,,0.1,0.001,,0.2,3,0.2,1.0,0.8,True,False,1,True,0.5
50,-72.60330452599653,-40.248105621527976,2020-06-06_15-42-38,,BipedalWalker-v3,0,50,MU_ES,7,1.0,False,1,fixed,1.0,-1.0,True,True,logarithmic,1.5,logarithmic,1.5,logarithmic,2,0.0,100,0,2,,,1.0,5.0,,0.3,0.003,,0.05,5,0.3,1.0,0.8,True,False,1,True,0.5
50,-87.2999093832583,-41.639889209631676,2020-06-06_14-38-20,,BipedalWalker-v3,0,50,MU_ES,7,0.25,True,10,global,1.0,-1.0,False,False,logarithmic,8,logarithmic,1.5,logarithmic,2,0.001,100,0,1,,,5.0,5.0,,0.3,0.01,,0.05,3,0.5,1.0,0.8,True,False,1,True,0.3
50,-99.58887444173537,-99.5519076743079,2020-06-05_13-42-37,,BipedalWalker-v3,0,50,MU_ES,20,0.05,False,5,legacy,1.0,-1.0,False,True,logarithmic,1.5,logarithmic,2,logarithmic,1.5,0.01,100,0,20,0.3,0.5,5.0,1.0,5.0,0.1,0.01,0.002,0.0,5,0.05,0.95,0.99,True,False,1,True,
50,144.2990724115944,169.85077029584477,2020-06-06_14-17-51,,BipedalWalker-v3,0,50,MU_ES,7,0.1,False,5,legacy,1.0,-1.0,False,False,logarithmic,8,logarithmic,1.5,logarithmic,8,0.001,100,0,5,,,1.0,5.0,,0.3,0.03,,0.05,5,0.2,1.0,0.5,True,False,1,True,0.5
50,-94.30585892238828,-41.66353728881074,2020-06-06_18-09-59,,BipedalWalker-v3,0,50,MU_ES,7,1.0,True,10,global,1.0,-1.0,True,False,logarithmic,8,logarithmic,2,logarithmic,1.5,0.01,100,0,2,,,5.0,5.0,,0.3,0.01,,0.05,3,0.3,1.0,0.9,True,False,1,True,0.5
50,-97.65756304191582,-96.0881986621718,2020-06-05_18-48-41,,BipedalWalker-v3,0,50,MU_ES,20,1.0,True,20,fixed,1.0,-1.0,True,False,logarithmic,1.5,logarithmic,8,logarithmic,1.5,0.0,100,0,2,0.2,0.5,1.0,5.0,1.0,0.1,0.01,0.001,0.0,5,0.05,0.5,0.9,True,False,1,True,
50,-93.72508981792046,-86.06216189398684,2020-06-05_19-06-08,,BipedalWalker-v3,0,50,MU_ES,10,1.0,False,20,fixed,1.0,-1.0,True,True,logarithmic,1.5,logarithmic,2,logarithmic,8,0.0,100,0,3,0.3,0.5,5.0,5.0,1.0,0.1,0.05,0.005,0.0,5,0.3,0.5,0.9,True,False,1,True,
50,-100.43529734790802,-100.33616204319992,2020-06-05_18-19-48,,BipedalWalker-v3,0,50,MU_ES,5,1.0,False,20,legacy,1.0,-1.0,False,False,logarithmic,8,logarithmic,8,logarithmic,2,0.01,100,0,20,0.3,0.5,1.0,1.0,5.0,0.1,0.01,0.005,0.0,3,0.05,0.7,0.8,True,False,1,True,
50,-76.24175512134119,-15.905804439351353,2020-06-05_18-36-18,,BipedalWalker-v3,0,50,MU_ES,5,0.05,True,5,global,1.0,-1.0,True,False,logarithmic,1.5,logarithmic,8,logarithmic,1.5,0.001,100,0,1,0.2,0.4,5.0,1.0,5.0,0.1,0.05,0.001,0.1,5,0.05,0.5,0.8,True,False,1,True,
50,-78.24279981612153,-20.55601501381594,2020-06-05_17-47-57,,BipedalWalker-v3,0,50,MU_ES,20,0.01,False,10,legacy,1.0,-1.0,True,False,logarithmic,2,logarithmic,2,logarithmic,1.5,0.0,100,0,3,0.1,0.5,5.0,5.0,5.0,0.2,0.01,0.002,0.1,5,0.05,0.7,0.9,True,False,1,True,
50,-79.61818610338717,22.561458822510758,2020-06-06_19-32-27,,BipedalWalker-v3,0,50,MU_ES,10,0.25,True,10,fixed,1.0,-1.0,False,False,logarithmic,1.5,logarithmic,2,logarithmic,2,0.1,100,0,2,,,5.0,1.0,,0.1,0.01,,0.1,3,0.5,1.0,0.5,True,False,1,True,0.5
50,-99.09412668707844,-98.55934273230379,2020-06-05_14-06-17,,BipedalWalker-v3,0,50,MU_ES,20,0.05,False,1,global,1.0,-1.0,True,True,logarithmic,8,logarithmic,2,logarithmic,1.5,0.0,100,0,10,0.1,0.5,5.0,5.0,5.0,0.2,0.02,0.001,0.1,3,0.1,0.95,0.95,True,False,1,True,
50,-57.35973708461791,-27.793228644522827,2020-06-05_17-05-21,,BipedalWalker-v3,0,50,MU_ES,10,0.01,False,1,fixed,1.0,-1.0,False,False,logarithmic,2,logarithmic,2,logarithmic,8,0.0001,100,0,2,0.3,0.4,5.0,5.0,1.0,0.1,0.02,0.002,0.0,3,0.5,0.9,0.9,True,False,1,True,
50,-89.95212913833846,-6.003150840753801,2020-06-05_16-27-57,,BipedalWalker-v3,0,50,MU_ES,10,0.05,True,1,legacy,1.0,-1.0,True,False,logarithmic,1.5,logarithmic,1.5,logarithmic,1.5,0.01,100,0,0.5,0.3,0.4,1.0,1.0,1.0,0.1,0.02,0.001,0.0,3,0.5,0.7,0.5,True,False,1,True,
50,-16.41451017067995,-11.02220747842299,2020-06-06_16-46-14,,BipedalWalker-v3,0,50,MU_ES,5,0.5,True,5,legacy,1.0,-1.0,True,True,logarithmic,2,logarithmic,8,logarithmic,1.5,0.0,100,0,5,,,1.0,5.0,,0.1,0.03,,0.2,3,0.5,1.0,0.5,True,False,1,True,0.5
50,-94.13469248618206,-89.08163225420269,2020-06-06_19-19-37,,BipedalWalker-v3,0,50,MU_ES,5,1.0,True,5,fixed,1.0,-1.0,False,False,logarithmic,2,logarithmic,8,logarithmic,1.5,0.0,100,0,5,,,5.0,1.0,,0.1,0.01,,0.2,3,0.5,1.0,0.5,True,False,1,True,0.3
50,-99.44528638580005,-98.71000801565387,2020-06-05_18-06-09,,BipedalWalker-v3,0,50,MU_ES,10,0.01,False,10,global,1.0,-1.0,True,True,logarithmic,8,logarithmic,2,logarithmic,8,0.01,100,0,10,0.1,0.4,1.0,1.0,1.0,0.2,0.01,0.001,0.0,5,0.05,0.5,0.5,True,False,1,True,
50,-96.54597445646748,-94.51937534250185,2020-06-05_17-43-05,,BipedalWalker-v3,0,50,MU_ES,20,1.0,False,20,legacy,1.0,-1.0,True,False,logarithmic,8,logarithmic,1.5,logarithmic,2,0.01,100,0,10,0.2,0.5,1.0,5.0,1.0,0.2,0.01,0.002,0.0,3,0.05,0.9,0.99,True,False,1,True,
50,-5.566513716312075,171.79142338212768,2020-06-06_12-15-12,,BipedalWalker-v3,0,50,MU_ES,5,1.0,False,5,per_neuron,1.0,-1.0,False,False,logarithmic,1.5,logarithmic,1.5,logarithmic,8,0.1,100,0,1,,,1.0,5.0,,0.1,0.03,,0.0,3,0.2,1.0,0.5,True,False,1,True,0.3
50,-98.20506252909995,-91.51217419927653,2020-06-05_14-25-29,,BipedalWalker-v3,0,50,MU_ES,20,0.05,False,10,global,1.0,-1.0,False,True,logarithmic,2,logarithmic,8,logarithmic,8,0.0001,100,0,3,0.2,0.4,1.0,1.0,5.0,0.2,0.05,0.002,0.1,5,0.1,0.95,0.9,True,False,1,True,
50,-97.94755903297909,-97.05194171173815,2020-06-05_16-33-43,,BipedalWalker-v3,0,50,MU_ES,20,1.0,False,5,global,1.0,-1.0,True,False,logarithmic,8,logarithmic,2,logarithmic,8,0.001,100,0,10,0.2,0.5,1.0,1.0,1.0,0.2,0.01,0.002,0.05,5,0.3,0.9,0.8,True,False,1,True,
50,-98.46110663327974,-97.45500938955578,2020-06-05_14-54-36,,BipedalWalker-v3,0,50,MU_ES,20,0.05,True,10,fixed,1.0,-1.0,True,True,logarithmic,2,logarithmic,1.5,logarithmic,2,0.0,100,0,3,0.2,0.5,1.0,1.0,5.0,0.2,0.05,0.002,0.0,5,0.05,0.9,0.9,True,False,1,True,
50,-98.51576274441446,-98.4473345821879,2020-06-05_17-13-35,,BipedalWalker-v3,0,50,MU_ES,10,1.0,True,20,fixed,1.0,-1.0,True,False,logarithmic,1.5,logarithmic,2,logarithmic,8,0.001,100,0,20,0.1,0.5,5.0,1.0,5.0,0.1,0.02,0.001,0.1,5,0.05,0.9,0.5,True,False,1,True,
50,148.59042862167377,174.05112179896534,2020-06-05_15-34-38,,BipedalWalker-v3,0,50,MU_ES,5,0.5,False,10,fixed,1.0,-1.0,True,False,logarithmic,8,logarithmic,1.5,logarithmic,8,0.0,100,0,1,0.2,0.5,5.0,1.0,1.0,0.2,0.05,0.002,0.1,5,0.3,0.9,0.8,True,False,1,True,
50,-98.89125593108227,-96.80677953255001,2020-06-05_13-53-34,,BipedalWalker-v3,0,50,MU_ES,20,0.05,False,5,fixed,1.0,-1.0,False,True,logarithmic,1.5,logarithmic,2,logarithmic,2,0.0,100,0,10,0.3,0.4,1.0,1.0,1.0,0.1,0.02,0.002,0.0,3,0.3,0.7,0.99,True,False,1,True,
50,-90.36477143595955,-14.772462627583408,2020-06-06_16-18-05,,BipedalWalker-v3,0,50,MU_ES,5,0.1,True,5,fixed,1.0,-1.0,False,False,logarithmic,1.5,logarithmic,1.5,logarithmic,1.5,0.0,100,0,2,,,5.0,5.0,,0.1,0.01,,0.2,3,0.5,1.0,0.5,True,False,1,True,0.5
50,-100.41344399700924,-99.74373430019885,2020-06-05_15-41-07,,BipedalWalker-v3,0,50,MU_ES,5,0.01,False,1,global,1.0,-1.0,True,False,logarithmic,8,logarithmic,1.5,logarithmic,1.5,0.0001,100,0,20,0.2,0.5,1.0,1.0,5.0,0.1,0.05,0.002,0.0,3,0.05,0.7,0.8,True,False,1,True,
50,-88.4322349009931,-4.639725014830044,2020-06-06_14-40-06,,BipedalWalker-v3,0,50,MU_ES,10,0.1,False,10,global,1.0,-1.0,True,True,logarithmic,8,logarithmic,1.5,logarithmic,8,0.0,100,0,0.5,,,1.0,1.0,,0.1,0.003,,0.0,3,0.2,1.0,0.8,True,False,1,True,0.3
50,-22.609402400675343,-4.9490840130693705,2020-06-05_14-07-07,,BipedalWalker-v3,0,50,MU_ES,20,0.05,True,5,legacy,1.0,-1.0,False,True,logarithmic,8,logarithmic,8,logarithmic,2,0.001,100,0,3,0.3,0.4,1.0,5.0,1.0,0.2,0.05,0.005,0.0,5,0.1,0.9,0.9,True,False,1,True,
50,15.878172202296353,44.053904764287175,2020-06-06_19-12-08,,BipedalWalker-v3,0,50,MU_ES,10,0.25,True,10,global,1.0,-1.0,True,False,logarithmic,2,logarithmic,1.5,logarithmic,1.5,0.0,100,0,0.5,,,1.0,5.0,,0.1,0.03,,0.1,5,0.5,1.0,0.9,True,False,1,True,0.5
50,11.492546940904667,83.36912893067202,2020-06-06_17-54-40,,BipedalWalker-v3,0,50,MU_ES,7,1.0,True,5,legacy,1.0,-1.0,False,True,logarithmic,2,logarithmic,2,logarithmic,8,0.001,100,0,0.5,,,5.0,1.0,,0.1,0.03,,0.0,5,0.5,1.0,0.8,True,False,1,True,0.3
50,-96.03588988449663,-52.170313963129836,2020-06-06_19-45-03,,BipedalWalker-v3,0,50,MU_ES,10,1.0,True,10,per_neuron,1.0,-1.0,False,False,logarithmic,1.5,logarithmic,2,logarithmic,2,0.001,100,0,5,,,1.0,1.0,,0.3,0.001,,0.05,5,0.3,1.0,0.8,True,False,1,True,0.3
50,-83.40589117869295,-62.42153169609313,2020-06-06_15-44-03,,BipedalWalker-v3,0,50,MU_ES,7,0.25,True,1,fixed,1.0,-1.0,False,True,logarithmic,2,logarithmic,1.5,logarithmic,8,0.001,100,0,5,,,5.0,1.0,,0.1,0.003,,0.0,5,0.3,1.0,0.9,True,False,1,True,0.5
50,-99.35363509937036,-98.94423773426173,2020-06-05_19-07-23,,BipedalWalker-v3,0,50,MU_ES,20,0.01,True,10,legacy,1.0,-1.0,False,False,logarithmic,8,logarithmic,1.5,logarithmic,2,0.01,100,0,10,0.2,0.4,1.0,5.0,5.0,0.1,0.01,0.005,0.0,5,0.5,0.9,0.95,True,False,1,True,
50,-91.30691315262177,-89.35053665288753,2020-06-05_15-43-38,,BipedalWalker-v3,0,50,MU_ES,20,0.01,False,5,legacy,1.0,-1.0,True,False,logarithmic,1.5,logarithmic,2,logarithmic,2,0.0001,100,0,0.5,0.1,0.5,1.0,5.0,5.0,0.1,0.02,0.005,0.0,3,0.1,0.7,0.5,True,False,1,True,
50,-99.28866498747819,-99.0425492226167,2020-06-05_18-49-18,,BipedalWalker-v3,0,50,MU_ES,20,1.0,False,1,legacy,1.0,-1.0,True,True,logarithmic,2,logarithmic,2,logarithmic,8,0.01,100,0,20,0.3,0.5,5.0,5.0,1.0,0.2,0.01,0.001,0.0,3,0.3,0.5,0.99,True,False,1,True,
50,-99.86184210898989,-99.70066161859995,2020-06-05_17-44-37,,BipedalWalker-v3,0,50,MU_ES,10,0.05,False,20,global,1.0,-1.0,False,False,logarithmic,1.5,logarithmic,2,logarithmic,8,0.01,100,0,10,0.1,0.4,1.0,5.0,1.0,0.2,0.02,0.002,0.0,5,0.05,0.7,0.99,True,False,1,True,
50,-3.7968041817396068,-1.2179057308806687,2020-06-05_18-08-17,,BipedalWalker-v3,0,50,MU_ES,10,0.05,True,10,global,1.0,-1.0,False,True,logarithmic,8,logarithmic,2,logarithmic,1.5,0.0,100,0,2,0.3,0.4,1.0,1.0,1.0,0.2,0.01,0.005,0.0,5,0.5,0.7,0.5,True,False,1,True,
50,-76.9160652127836,-52.24916712938324,2020-06-05_15-29-35,,BipedalWalker-v3,0,50,MU_ES,20,0.5,True,1,legacy,1.0,-1.0,True,True,logarithmic,8,logarithmic,1.5,logarithmic,8,0.001,100,0,2,0.3,0.5,1.0,1.0,1.0,0.2,0.05,0.005,0.0,5,0.05,0.9,0.95,True,False,1,True,
50,-7.739385699919438,0.10652198986477683,2020-06-05_18-50-32,,BipedalWalker-v3,0,50,MU_ES,20,0.05,True,20,legacy,1.0,-1.0,True,True,logarithmic,1.5,logarithmic,2,logarithmic,8,0.01,100,0,2,0.1,0.4,1.0,1.0,5.0,0.2,0.05,0.001,0.0,5,0.5,0.7,0.5,True,False,1,True,
50,-95.95000396664811,-81.71932393509643,2020-06-06_16-05-48,,BipedalWalker-v3,0,50,MU_ES,7,1.0,False,5,per_neuron,1.0,-1.0,False,True,logarithmic,8,logarithmic,1.5,logarithmic,8,0.01,100,0,5,,,5.0,1.0,,0.3,0.01,,0.0,3,0.3,1.0,0.5,True,False,1,True,0.3
50,-100.93884979868167,-100.82565044418772,2020-06-05_18-47-51,,BipedalWalker-v3,0,50,MU_ES,20,0.01,True,1,fixed,1.0,-1.0,False,False,logarithmic,8,logarithmic,2,logarithmic,2,0.0001,100,0,10,0.2,0.4,5.0,1.0,1.0,0.2,0.02,0.002,0.0,5,0.05,0.95,0.9,True,False,1,True,
50,-97.7184754777109,-97.34938240582395,2020-06-05_18-37-52,,BipedalWalker-v3,0,50,MU_ES,5,0.05,True,5,fixed,1.0,-1.0,True,False,logarithmic,8,logarithmic,1.5,logarithmic,1.5,0.01,100,0,10,0.2,0.4,1.0,5.0,5.0,0.2,0.02,0.001,0.1,5,0.3,0.9,0.9,True,False,1,True,
50,-46.50063874099534,-35.39915851733466,2020-06-05_18-20-28,,BipedalWalker-v3,0,50,MU_ES,10,0.5,True,1,global,1.0,-1.0,False,True,logarithmic,1.5,logarithmic,8,logarithmic,8,0.001,100,0,1,0.1,0.4,5.0,1.0,1.0,0.2,0.02,0.005,0.1,3,0.05,0.9,0.8,True,False,1,True,
50,-101.84711663650346,-101.13620899616205,2020-06-05_14-15-48,,BipedalWalker-v3,0,50,MU_ES,20,0.05,True,10,global,1.0,-1.0,True,True,logarithmic,2,logarithmic,1.5,logarithmic,8,0.01,100,0,20,0.1,0.4,1.0,5.0,1.0,0.2,0.05,0.002,0.1,3,0.1,0.9,0.8,True,False,1,True,
50,50.01997480716316,80.70886953836857,2020-06-06_19-46-19,,BipedalWalker-v3,0,50,MU_ES,5,1.0,False,1,legacy,1.0,-1.0,False,False,logarithmic,8,logarithmic,2,logarithmic,8,0.001,100,0,5,,,1.0,1.0,,0.3,0.001,,0.0,5,0.5,1.0,0.9,True,False,1,True,0.5
50,-28.176201593677664,3.0133685094915945,2020-06-06_18-36-30,,BipedalWalker-v3,0,50,MU_ES,5,0.5,True,10,per_neuron,1.0,-1.0,False,True,logarithmic,8,logarithmic,2,logarithmic,2,0.1,100,0,1,,,5.0,1.0,,0.1,0.001,,0.0,3,0.5,1.0,0.5,True,False,1,True,0.3
50,-98.78383645064297,-94.0179845664715,2020-06-05_14-05-32,,BipedalWalker-v3,0,50,MU_ES,20,0.05,False,20,fixed,1.0,-1.0,False,True,logarithmic,1.5,logarithmic,1.5,logarithmic,2,0.001,100,0,10,0.2,0.4,1.0,1.0,1.0,0.1,0.01,0.005,0.0,3,0.05,0.7,0.9,True,False,1,True,
50,-1.4920872431966399,20.71412059268724,2020-06-05_17-56-23,,BipedalWalker-v3,0,50,MU_ES,10,0.05,True,5,legacy,1.0,-1.0,False,True,logarithmic,1.5,logarithmic,1.5,logarithmic,2,0.001,100,0,3,0.3,0.5,5.0,5.0,1.0,0.2,0.05,0.001,0.1,3,0.5,0.9,0.8,True,False,1,True,
50,-84.18064776484103,-62.952256323901004,2020-06-05_14-21-03,,BipedalWalker-v3,0,50,MU_ES,20,0.05,True,5,fixed,1.0,-1.0,False,True,logarithmic,8,logarithmic,1.5,logarithmic,8,0.01,100,0,10,0.1,0.4,5.0,5.0,5.0,0.1,0.02,0.005,0.1,5,0.3,0.7,0.9,True,False,1,True,
50,-94.99630140464552,-92.56565652361375,2020-06-05_17-32-21,,BipedalWalker-v3,0,50,MU_ES,20,0.01,False,1,fixed,1.0,-1.0,False,False,logarithmic,8,logarithmic,2,logarithmic,2,0.0001,100,0,3,0.1,0.4,5.0,5.0,5.0,0.1,0.01,0.002,0.0,3,0.5,0.7,0.5,True,False,1,True,
50,-91.15897891521905,-90.15788534882455,2020-06-05_14-12-43,,BipedalWalker-v3,0,50,MU_ES,20,0.05,False,1,legacy,1.0,-1.0,False,True,logarithmic,1.5,logarithmic,2,logarithmic,2,0.0001,100,0,3,0.1,0.4,1.0,1.0,5.0,0.1,0.02,0.002,0.0,3,0.05,0.9,0.9,True,False,1,True,
50,-92.06623629562304,-88.82554496561956,2020-06-05_16-47-55,,BipedalWalker-v3,0,50,MU_ES,10,1.0,True,20,legacy,1.0,-1.0,False,False,logarithmic,1.5,logarithmic,1.5,logarithmic,1.5,0.0001,100,0,20,0.3,0.4,1.0,1.0,1.0,0.2,0.02,0.005,0.0,5,0.1,0.7,0.9,True,False,1,True,
50,-74.73759644541977,-23.890021573320258,2020-06-05_14-19-08,,BipedalWalker-v3,0,50,MU_ES,20,0.05,True,5,legacy,1.0,-1.0,False,True,logarithmic,1.5,logarithmic,1.5,logarithmic,2,0.0,100,0,10,0.3,0.4,1.0,1.0,5.0,0.2,0.02,0.005,0.05,5,0.1,0.9,0.99,True,False,1,True,
50,-97.77430112711714,-95.9968534043825,2020-06-05_14-56-16,,BipedalWalker-v3,0,50,MU_ES,20,0.05,True,1,legacy,1.0,-1.0,False,True,logarithmic,8,logarithmic,2,logarithmic,2,0.001,100,0,20,0.2,0.4,5.0,1.0,5.0,0.2,0.01,0.005,0.0,3,0.1,0.95,0.95,True,False,1,True,
50,-98.60090565321454,-97.95824565293898,2020-06-05_17-18-38,,BipedalWalker-v3,0,50,MU_ES,10,0.5,True,1,fixed,1.0,-1.0,False,True,logarithmic,2,logarithmic,8,logarithmic,2,0.0001,100,0,3,0.1,0.5,5.0,1.0,1.0,0.1,0.05,0.005,0.1,3,0.1,0.5,0.5,True,False,1,True,
50,-102.24466610272482,-101.51246991019465,2020-06-05_17-42-27,,BipedalWalker-v3,0,50,MU_ES,20,0.05,False,5,fixed,1.0,-1.0,False,False,logarithmic,2,logarithmic,1.5,logarithmic,1.5,0.001,100,0,20,0.3,0.4,5.0,1.0,5.0,0.1,0.02,0.002,0.1,3,0.05,0.7,0.8,True,False,1,True,
